,VARIANT,FOLDX,VARIANT.1,HELIX,TURNS,COILS,THREE-TEN,BETA,ISOLATED,RMSD,HBONDS,SASA,WATERS,CONSERVATION,HYDROPHOBICITY,APBS,SASASingleSite
0,A79T,0.0728,A79T,21.6228,21.2128,15.0569,2.60102,39.3429,0.163544,1.27965,65.6247,6559.7,1485.27,0.532,-0.43,-12467.4999999999,42.43374
1,C39R,-0.4472,C39R,20.3325,21.2333,14.8515,2.97363,40.4753,0.133756,1.05869,66.488,6448.8,1453.63,0.349,-1.84,-12187.3,46.08813
2,C49S,0.1828,C49S,21.3508,21.1868,15.4224,2.73748,39.0399,0.262601,1.25251,65.3736,6535.4,1465.43,-0.798,-0.3,-13395.4,20.89786
3,D119H,-3.5272,D119H,20.9646,20.4171,15.3741,3.06922,39.8931,0.281871,1.15795,65.4479,6496.82,1601.38,1.182,0.31999999999999995,-11721.0666666666,140.87466
4,D46E,-0.0872,D46E,21.2072,20.7323,15.2426,3.24756,39.3218,0.248621,1.22506,65.2309,6504.14,1466.84,-0.863,0.09999999999999998,-11504.1333333333,127.235
5,D46N,0.4928,D46N,21.5835,20.521,15.3132,2.80738,39.4306,0.344215,1.16082,64.5877,6492.65,1477.28,-0.863,0.07999999999999996,-13851.5666666666,109.33066
6,F98L,1.1528,F98L,20.8642,21.3701,15.3696,3.30349,38.9239,0.168896,1.3344,65.9814,6564.06,1486.76,-0.819,-0.07999999999999996,-16341.1666666666,10.09953
7,K93R,0.1787,K93R,20.8221,21.3982,14.367,3.09931,40.0885,0.225022,1.10129,66.8244,6486.19,1460.94,-0.097,-0.7,-14512.9,169.05566
8,L107P,2.2228,L107P,20.815,21.6704,16.7486,3.21696,37.3664,0.182498,1.87052,63.4922,6687.36,1500.9,1.977,-0.6000000000000001,-13142.5666666666,46.49996
9,L109R,0.5187,L109R,21.6112,20.9511,14.766,2.89079,39.5875,0.193519,1.16283,66.7106,6529.41,1479.74,0.784,-2.33,-13690.2666666666,113.67333
10,L87R,-0.4672,L87R,20.8868,21.1203,14.8731,3.03975,39.7952,0.284894,1.10472,66.3913,6497.54,1478.8,0.817,-2.33,-11608.0,182.80866
11,M124I,1.8128,M124I,20.7453,21.2213,14.7373,3.03856,40.0843,0.173288,1.15029,66.2693,6466.23,1473.41,0.038,0.47,-12818.6499999999,52.04124
12,M133T,0.4828,M133T,20.9076,21.3606,14.7325,3.23434,39.5757,0.189299,1.21448,66.4337,6484.97,1453.99,2.616,-0.44,-13030.8333333333,69.90616
13,N117S,0.8428,N117S,21.1766,21.2306,14.3021,3.06053,39.9977,0.232373,1.12348,65.9597,6469.95,1459.59,0.925,0.38,-13772.8666666666,37.2455
14,N128S,0.9328,N128S,20.4534,21.8133,14.9157,3.05033,39.6116,0.155671,1.23499,65.6127,6547.08,1479.53,0.918,0.38,-15686.0,25.45036
15,R27L,0.0028,R27L,21.1143,21.435,14.4809,3.10398,39.6524,0.213482,1.16786,66.3433,6476.49,1472.95,0.33,2.33,-11204.3,128.54366
16,R35L,0.2428,R35L,20.6661,21.3718,14.8394,3.12965,39.7715,0.221588,1.16885,65.769,6485.78,1456.84,-0.49,2.33,-13297.8666666666,134.988
17,R76H,-0.9972,R76H,20.8241,21.3977,14.6849,3.02464,39.907,0.161717,1.1968,65.6527,6494.41,1457.29,0.153,1.4,-15393.4,129.974
18,R76L,0.0128,R76L,21.3493,20.925,14.6112,2.9298,39.941,0.243709,1.0745,66.1893,6456.51,1449.07,0.153,2.33,-11820.4333333333,145.575
19,R92H,-2.2572,R92H,20.6994,20.9673,15.1655,3.05373,39.9037,0.210459,1.16206,65.5463,6481.99,1466.69,1.737,1.4,-16182.5333333333,50.3307
20,S26C,1.0728,S26C,20.5849,21.6855,15.1213,3.09265,39.3384,0.177209,1.32072,65.9118,6551.67,1465.89,-0.302,0.3,-15164.6333333333,68.21233
21,S26G,0.8028,S26G,21.2291,20.8199,14.9773,3.19315,39.5054,0.27507,1.17559,66.0548,6478.13,1464.14,-0.302,0.42000000000000004,-14100.2666666666,25.84636
22,V131A,0.7928,V131A,20.654,21.1588,15.3197,2.92413,39.6928,0.25051,1.273,65.198,6513.11,1477.09,2.496,-0.29000000000000004,-10115.799999999,48.4377
23,V131L,-0.5072,V131L,21.1116,21.4101,14.7102,3.00083,39.5526,0.214615,1.24804,66.0073,6525.81,1486.22,2.496,-0.010000000000000009,-21570.9,87.17028
24,N33T,0.319561,N33T,20.8896,21.1641,14.2394,3.12031,40.411,0.175518,1.09686,66.8845,6464.02,1463.35,-0.888,0.46,0.0,0.0
25,V115M,-0.180915,V115M,20.6691,21.4297,14.2424,3.24332,40.2655,0.150015,1.10615,67.3041,6461.97,1470.92,0.357,-0.28,0.0,0.0
26,V41I,-0.762709,V41I,20.9331,21.4446,14.4344,3.0123,40.0525,0.123012,1.12384,66.5027,6511.91,1458.45,-0.592,0.18999999999999995,0.0,0.0
